{"cameraMode":{"drawMode":0,"name":"Shaded","section":"Shading Mode"},"sceneLighting":true,"audioPlay":false,"sceneViewState":{"showFog":true,"showMaterialUpdate":false,"showSkybox":true,"showFlares":true,"showImageEffects":true,"showParticleSystems":true},"in2DMode":false,"pivot":{"x":786.3525390625,"y":535.8716430664063,"z":165.3963623046875},"rotation":{"x":0.07253816723823548,"y":-9.490120334021413e-8,"z":1.2953972117202284e-8,"w":0.9973657131195068},"size":1278.36865234375,"orthographic":false}