{"cameraMode":{"drawMode":0,"name":"Shaded","section":"Shading Mode"},"sceneLighting":false,"audioPlay":false,"sceneViewState":{"showFog":true,"showMaterialUpdate":false,"showSkybox":true,"showFlares":true,"showImageEffects":true,"showParticleSystems":true},"in2DMode":false,"pivot":{"x":11.610771179199219,"y":-0.3006172776222229,"z":7.054199695587158},"rotation":{"x":0.21285255253314973,"y":0.6007956862449646,"z":-0.17016248404979707,"w":0.751520574092865},"size":1.725001335144043,"orthographic":false}