{"cameraMode":{"drawMode":0,"name":"Shaded","section":"Shading Mode"},"sceneLighting":false,"audioPlay":false,"sceneViewState":{"showFog":true,"showMaterialUpdate":false,"showSkybox":true,"showFlares":true,"showImageEffects":true,"showParticleSystems":true},"in2DMode":false,"pivot":{"x":959.2177734375,"y":540.3724975585938,"z":0.0},"rotation":{"x":0.07849512249231339,"y":-0.025418544188141824,"z":0.0020020671654492618,"w":0.996588408946991},"size":1728.3731689453125,"orthographic":false}