{"cameraMode":{"drawMode":0,"name":"Shaded","section":"Shading Mode"},"sceneLighting":false,"audioPlay":false,"sceneViewState":{"showFog":true,"showMaterialUpdate":false,"showSkybox":true,"showFlares":true,"showImageEffects":true,"showParticleSystems":true},"in2DMode":false,"pivot":{"x":11.051848411560059,"y":0.09999999403953552,"z":7.035337924957275},"rotation":{"x":0.22417442500591279,"y":0.2997041940689087,"z":-0.07267531752586365,"w":0.9244682788848877},"size":2.1434128284454347,"orthographic":true}