{"cameraMode":{"drawMode":0,"name":"Shaded","section":"Shading Mode"},"sceneLighting":false,"audioPlay":false,"sceneViewState":{"showFog":true,"showMaterialUpdate":false,"showSkybox":true,"showFlares":true,"showImageEffects":true,"showParticleSystems":true},"in2DMode":false,"pivot":{"x":872.43212890625,"y":551.9714965820313,"z":1.945068359375},"rotation":{"x":0.06954529881477356,"y":0.0014963379362598062,"z":-0.00010431083501316607,"w":0.9975776672363281},"size":1005.4886474609375,"orthographic":false}