{"cameraMode":{"drawMode":0,"name":"Shaded","section":"Shading Mode"},"sceneLighting":false,"audioPlay":false,"sceneViewState":{"showFog":true,"showMaterialUpdate":false,"showSkybox":true,"showFlares":true,"showImageEffects":true,"showParticleSystems":true},"in2DMode":false,"pivot":{"x":11.12701416015625,"y":0.164306640625,"z":6.9989013671875},"rotation":{"x":0.22417442500591279,"y":0.2997041940689087,"z":-0.07267531752586365,"w":0.9244682788848877},"size":0.8929637670516968,"orthographic":true}